metric_name,metric_value,file,function
Decision Count,0.0,D:\Research in Missing Metrics\Python\MC-DC Coverage\workspace\python-tool-testing-pymcdc\pymcdc_metrics.py,
Condition Count,0.0,D:\Research in Missing Metrics\Python\MC-DC Coverage\workspace\python-tool-testing-pymcdc\pymcdc_metrics.py,
Covered Requirements,0.0,D:\Research in Missing Metrics\Python\MC-DC Coverage\workspace\python-tool-testing-pymcdc\pymcdc_metrics.py,
Total Requirements,0.0,D:\Research in Missing Metrics\Python\MC-DC Coverage\workspace\python-tool-testing-pymcdc\pymcdc_metrics.py,
MC/DC Coverage,100.0,D:\Research in Missing Metrics\Python\MC-DC Coverage\workspace\python-tool-testing-pymcdc\pymcdc_metrics.py,
Execution Time,0.0111,D:\Research in Missing Metrics\Python\MC-DC Coverage\workspace\python-tool-testing-pymcdc\pymcdc_metrics.py,
Decision Count,0.0,D:\Research in Missing Metrics\Python\MC-DC Coverage\workspace\python-tool-testing-pymcdc\pymcdc_platform\__init__.py,
Condition Count,0.0,D:\Research in Missing Metrics\Python\MC-DC Coverage\workspace\python-tool-testing-pymcdc\pymcdc_platform\__init__.py,
Covered Requirements,0.0,D:\Research in Missing Metrics\Python\MC-DC Coverage\workspace\python-tool-testing-pymcdc\pymcdc_platform\__init__.py,
Total Requirements,0.0,D:\Research in Missing Metrics\Python\MC-DC Coverage\workspace\python-tool-testing-pymcdc\pymcdc_platform\__init__.py,
MC/DC Coverage,100.0,D:\Research in Missing Metrics\Python\MC-DC Coverage\workspace\python-tool-testing-pymcdc\pymcdc_platform\__init__.py,
Execution Time,0.0016,D:\Research in Missing Metrics\Python\MC-DC Coverage\workspace\python-tool-testing-pymcdc\pymcdc_platform\__init__.py,
Decision Count,0.0,D:\Research in Missing Metrics\Python\MC-DC Coverage\workspace\python-tool-testing-pymcdc\pymcdc_platform\__main__.py,
Condition Count,0.0,D:\Research in Missing Metrics\Python\MC-DC Coverage\workspace\python-tool-testing-pymcdc\pymcdc_platform\__main__.py,
Covered Requirements,0.0,D:\Research in Missing Metrics\Python\MC-DC Coverage\workspace\python-tool-testing-pymcdc\pymcdc_platform\__main__.py,
Total Requirements,0.0,D:\Research in Missing Metrics\Python\MC-DC Coverage\workspace\python-tool-testing-pymcdc\pymcdc_platform\__main__.py,
MC/DC Coverage,100.0,D:\Research in Missing Metrics\Python\MC-DC Coverage\workspace\python-tool-testing-pymcdc\pymcdc_platform\__main__.py,
Execution Time,0.00249,D:\Research in Missing Metrics\Python\MC-DC Coverage\workspace\python-tool-testing-pymcdc\pymcdc_platform\__main__.py,
Decision Count,0.0,D:\Research in Missing Metrics\Python\MC-DC Coverage\workspace\python-tool-testing-pymcdc\pymcdc_platform\cli.py,
Condition Count,0.0,D:\Research in Missing Metrics\Python\MC-DC Coverage\workspace\python-tool-testing-pymcdc\pymcdc_platform\cli.py,
Covered Requirements,0.0,D:\Research in Missing Metrics\Python\MC-DC Coverage\workspace\python-tool-testing-pymcdc\pymcdc_platform\cli.py,
Total Requirements,0.0,D:\Research in Missing Metrics\Python\MC-DC Coverage\workspace\python-tool-testing-pymcdc\pymcdc_platform\cli.py,
MC/DC Coverage,100.0,D:\Research in Missing Metrics\Python\MC-DC Coverage\workspace\python-tool-testing-pymcdc\pymcdc_platform\cli.py,
Execution Time,0.00382,D:\Research in Missing Metrics\Python\MC-DC Coverage\workspace\python-tool-testing-pymcdc\pymcdc_platform\cli.py,
Decision Count,0.0,D:\Research in Missing Metrics\Python\MC-DC Coverage\workspace\python-tool-testing-pymcdc\pymcdc_trigger.py,
Condition Count,0.0,D:\Research in Missing Metrics\Python\MC-DC Coverage\workspace\python-tool-testing-pymcdc\pymcdc_trigger.py,
Covered Requirements,0.0,D:\Research in Missing Metrics\Python\MC-DC Coverage\workspace\python-tool-testing-pymcdc\pymcdc_trigger.py,
Total Requirements,0.0,D:\Research in Missing Metrics\Python\MC-DC Coverage\workspace\python-tool-testing-pymcdc\pymcdc_trigger.py,
MC/DC Coverage,100.0,D:\Research in Missing Metrics\Python\MC-DC Coverage\workspace\python-tool-testing-pymcdc\pymcdc_trigger.py,
Execution Time,0.00378,D:\Research in Missing Metrics\Python\MC-DC Coverage\workspace\python-tool-testing-pymcdc\pymcdc_trigger.py,
Decision Count,3.0,D:\Research in Missing Metrics\Python\MC-DC Coverage\workspace\python-tool-testing-pymcdc\sample_subject\logic.py,
Condition Count,8.0,D:\Research in Missing Metrics\Python\MC-DC Coverage\workspace\python-tool-testing-pymcdc\sample_subject\logic.py,
Covered Requirements,0.0,D:\Research in Missing Metrics\Python\MC-DC Coverage\workspace\python-tool-testing-pymcdc\sample_subject\logic.py,
Total Requirements,11.0,D:\Research in Missing Metrics\Python\MC-DC Coverage\workspace\python-tool-testing-pymcdc\sample_subject\logic.py,
MC/DC Coverage,0.0,D:\Research in Missing Metrics\Python\MC-DC Coverage\workspace\python-tool-testing-pymcdc\sample_subject\logic.py,
Execution Time,0.00226,D:\Research in Missing Metrics\Python\MC-DC Coverage\workspace\python-tool-testing-pymcdc\sample_subject\logic.py,
Decision Nodes,1.0,D:\Research in Missing Metrics\Python\MC-DC Coverage\workspace\python-tool-testing-pymcdc\sample_subject\logic.py,evaluate_access
Condition Nodes,3.0,D:\Research in Missing Metrics\Python\MC-DC Coverage\workspace\python-tool-testing-pymcdc\sample_subject\logic.py,evaluate_access
Covered Decisions,0.0,D:\Research in Missing Metrics\Python\MC-DC Coverage\workspace\python-tool-testing-pymcdc\sample_subject\logic.py,evaluate_access
Covered Conditions,0.0,D:\Research in Missing Metrics\Python\MC-DC Coverage\workspace\python-tool-testing-pymcdc\sample_subject\logic.py,evaluate_access
Decision Coverage,0.0,D:\Research in Missing Metrics\Python\MC-DC Coverage\workspace\python-tool-testing-pymcdc\sample_subject\logic.py,evaluate_access
Condition Coverage,0.0,D:\Research in Missing Metrics\Python\MC-DC Coverage\workspace\python-tool-testing-pymcdc\sample_subject\logic.py,evaluate_access
Independent Condition Evaluation,3.0,D:\Research in Missing Metrics\Python\MC-DC Coverage\workspace\python-tool-testing-pymcdc\sample_subject\logic.py,evaluate_access
Decision Nodes,1.0,D:\Research in Missing Metrics\Python\MC-DC Coverage\workspace\python-tool-testing-pymcdc\sample_subject\logic.py,evaluate_alert
Condition Nodes,2.0,D:\Research in Missing Metrics\Python\MC-DC Coverage\workspace\python-tool-testing-pymcdc\sample_subject\logic.py,evaluate_alert
Covered Decisions,0.0,D:\Research in Missing Metrics\Python\MC-DC Coverage\workspace\python-tool-testing-pymcdc\sample_subject\logic.py,evaluate_alert
Covered Conditions,0.0,D:\Research in Missing Metrics\Python\MC-DC Coverage\workspace\python-tool-testing-pymcdc\sample_subject\logic.py,evaluate_alert
Decision Coverage,0.0,D:\Research in Missing Metrics\Python\MC-DC Coverage\workspace\python-tool-testing-pymcdc\sample_subject\logic.py,evaluate_alert
Condition Coverage,0.0,D:\Research in Missing Metrics\Python\MC-DC Coverage\workspace\python-tool-testing-pymcdc\sample_subject\logic.py,evaluate_alert
Independent Condition Evaluation,2.0,D:\Research in Missing Metrics\Python\MC-DC Coverage\workspace\python-tool-testing-pymcdc\sample_subject\logic.py,evaluate_alert
Decision Nodes,1.0,D:\Research in Missing Metrics\Python\MC-DC Coverage\workspace\python-tool-testing-pymcdc\sample_subject\logic.py,evaluate_mixed
Condition Nodes,3.0,D:\Research in Missing Metrics\Python\MC-DC Coverage\workspace\python-tool-testing-pymcdc\sample_subject\logic.py,evaluate_mixed
Covered Decisions,0.0,D:\Research in Missing Metrics\Python\MC-DC Coverage\workspace\python-tool-testing-pymcdc\sample_subject\logic.py,evaluate_mixed
Covered Conditions,0.0,D:\Research in Missing Metrics\Python\MC-DC Coverage\workspace\python-tool-testing-pymcdc\sample_subject\logic.py,evaluate_mixed
Decision Coverage,0.0,D:\Research in Missing Metrics\Python\MC-DC Coverage\workspace\python-tool-testing-pymcdc\sample_subject\logic.py,evaluate_mixed
Condition Coverage,0.0,D:\Research in Missing Metrics\Python\MC-DC Coverage\workspace\python-tool-testing-pymcdc\sample_subject\logic.py,evaluate_mixed
Independent Condition Evaluation,3.0,D:\Research in Missing Metrics\Python\MC-DC Coverage\workspace\python-tool-testing-pymcdc\sample_subject\logic.py,evaluate_mixed
Decision Count,0.0,D:\Research in Missing Metrics\Python\MC-DC Coverage\workspace\python-tool-testing-pymcdc\sample_subject\test_logic.py,
Condition Count,0.0,D:\Research in Missing Metrics\Python\MC-DC Coverage\workspace\python-tool-testing-pymcdc\sample_subject\test_logic.py,
Covered Requirements,0.0,D:\Research in Missing Metrics\Python\MC-DC Coverage\workspace\python-tool-testing-pymcdc\sample_subject\test_logic.py,
Total Requirements,0.0,D:\Research in Missing Metrics\Python\MC-DC Coverage\workspace\python-tool-testing-pymcdc\sample_subject\test_logic.py,
MC/DC Coverage,100.0,D:\Research in Missing Metrics\Python\MC-DC Coverage\workspace\python-tool-testing-pymcdc\sample_subject\test_logic.py,
Execution Time,0.0021,D:\Research in Missing Metrics\Python\MC-DC Coverage\workspace\python-tool-testing-pymcdc\sample_subject\test_logic.py,
Decision Count,0.0,D:\Research in Missing Metrics\Python\MC-DC Coverage\workspace\python-tool-testing-pymcdc\scripts\collect_artifacts.py,
Condition Count,0.0,D:\Research in Missing Metrics\Python\MC-DC Coverage\workspace\python-tool-testing-pymcdc\scripts\collect_artifacts.py,
Covered Requirements,0.0,D:\Research in Missing Metrics\Python\MC-DC Coverage\workspace\python-tool-testing-pymcdc\scripts\collect_artifacts.py,
Total Requirements,0.0,D:\Research in Missing Metrics\Python\MC-DC Coverage\workspace\python-tool-testing-pymcdc\scripts\collect_artifacts.py,
MC/DC Coverage,100.0,D:\Research in Missing Metrics\Python\MC-DC Coverage\workspace\python-tool-testing-pymcdc\scripts\collect_artifacts.py,
Execution Time,0.00221,D:\Research in Missing Metrics\Python\MC-DC Coverage\workspace\python-tool-testing-pymcdc\scripts\collect_artifacts.py,
Decision Count,0.0,D:\Research in Missing Metrics\Python\MC-DC Coverage\workspace\python-tool-testing-pymcdc\scripts\export_platform_bundle.py,
Condition Count,0.0,D:\Research in Missing Metrics\Python\MC-DC Coverage\workspace\python-tool-testing-pymcdc\scripts\export_platform_bundle.py,
Covered Requirements,0.0,D:\Research in Missing Metrics\Python\MC-DC Coverage\workspace\python-tool-testing-pymcdc\scripts\export_platform_bundle.py,
Total Requirements,0.0,D:\Research in Missing Metrics\Python\MC-DC Coverage\workspace\python-tool-testing-pymcdc\scripts\export_platform_bundle.py,
MC/DC Coverage,100.0,D:\Research in Missing Metrics\Python\MC-DC Coverage\workspace\python-tool-testing-pymcdc\scripts\export_platform_bundle.py,
Execution Time,0.00319,D:\Research in Missing Metrics\Python\MC-DC Coverage\workspace\python-tool-testing-pymcdc\scripts\export_platform_bundle.py,
Decision Count,2.0,D:\Research in Missing Metrics\Python\MC-DC Coverage\workspace\python-tool-testing-pymcdc\scripts\platform_pymcdc_fixup.py,
Condition Count,10.0,D:\Research in Missing Metrics\Python\MC-DC Coverage\workspace\python-tool-testing-pymcdc\scripts\platform_pymcdc_fixup.py,
Covered Requirements,0.0,D:\Research in Missing Metrics\Python\MC-DC Coverage\workspace\python-tool-testing-pymcdc\scripts\platform_pymcdc_fixup.py,
Total Requirements,6.0,D:\Research in Missing Metrics\Python\MC-DC Coverage\workspace\python-tool-testing-pymcdc\scripts\platform_pymcdc_fixup.py,
MC/DC Coverage,0.0,D:\Research in Missing Metrics\Python\MC-DC Coverage\workspace\python-tool-testing-pymcdc\scripts\platform_pymcdc_fixup.py,
Execution Time,0.00434,D:\Research in Missing Metrics\Python\MC-DC Coverage\workspace\python-tool-testing-pymcdc\scripts\platform_pymcdc_fixup.py,
Decision Nodes,1.0,D:\Research in Missing Metrics\Python\MC-DC Coverage\workspace\python-tool-testing-pymcdc\scripts\platform_pymcdc_fixup.py,verify_platform_ratios
Condition Nodes,2.0,D:\Research in Missing Metrics\Python\MC-DC Coverage\workspace\python-tool-testing-pymcdc\scripts\platform_pymcdc_fixup.py,verify_platform_ratios
Covered Decisions,0.0,D:\Research in Missing Metrics\Python\MC-DC Coverage\workspace\python-tool-testing-pymcdc\scripts\platform_pymcdc_fixup.py,verify_platform_ratios
Covered Conditions,0.0,D:\Research in Missing Metrics\Python\MC-DC Coverage\workspace\python-tool-testing-pymcdc\scripts\platform_pymcdc_fixup.py,verify_platform_ratios
Decision Coverage,0.0,D:\Research in Missing Metrics\Python\MC-DC Coverage\workspace\python-tool-testing-pymcdc\scripts\platform_pymcdc_fixup.py,verify_platform_ratios
Condition Coverage,0.0,D:\Research in Missing Metrics\Python\MC-DC Coverage\workspace\python-tool-testing-pymcdc\scripts\platform_pymcdc_fixup.py,verify_platform_ratios
Independent Condition Evaluation,2.0,D:\Research in Missing Metrics\Python\MC-DC Coverage\workspace\python-tool-testing-pymcdc\scripts\platform_pymcdc_fixup.py,verify_platform_ratios
Decision Nodes,1.0,D:\Research in Missing Metrics\Python\MC-DC Coverage\workspace\python-tool-testing-pymcdc\scripts\platform_pymcdc_fixup.py,verify_platform_ratios
Condition Nodes,8.0,D:\Research in Missing Metrics\Python\MC-DC Coverage\workspace\python-tool-testing-pymcdc\scripts\platform_pymcdc_fixup.py,verify_platform_ratios
Covered Decisions,0.0,D:\Research in Missing Metrics\Python\MC-DC Coverage\workspace\python-tool-testing-pymcdc\scripts\platform_pymcdc_fixup.py,verify_platform_ratios
Covered Conditions,0.0,D:\Research in Missing Metrics\Python\MC-DC Coverage\workspace\python-tool-testing-pymcdc\scripts\platform_pymcdc_fixup.py,verify_platform_ratios
Decision Coverage,0.0,D:\Research in Missing Metrics\Python\MC-DC Coverage\workspace\python-tool-testing-pymcdc\scripts\platform_pymcdc_fixup.py,verify_platform_ratios
Condition Coverage,0.0,D:\Research in Missing Metrics\Python\MC-DC Coverage\workspace\python-tool-testing-pymcdc\scripts\platform_pymcdc_fixup.py,verify_platform_ratios
Independent Condition Evaluation,8.0,D:\Research in Missing Metrics\Python\MC-DC Coverage\workspace\python-tool-testing-pymcdc\scripts\platform_pymcdc_fixup.py,verify_platform_ratios
Decision Count,3.0,D:\Research in Missing Metrics\Python\MC-DC Coverage\workspace\python-tool-testing-pymcdc\scripts\verify_100_percent.py,
Condition Count,9.0,D:\Research in Missing Metrics\Python\MC-DC Coverage\workspace\python-tool-testing-pymcdc\scripts\verify_100_percent.py,
Covered Requirements,0.0,D:\Research in Missing Metrics\Python\MC-DC Coverage\workspace\python-tool-testing-pymcdc\scripts\verify_100_percent.py,
Total Requirements,9.0,D:\Research in Missing Metrics\Python\MC-DC Coverage\workspace\python-tool-testing-pymcdc\scripts\verify_100_percent.py,
MC/DC Coverage,0.0,D:\Research in Missing Metrics\Python\MC-DC Coverage\workspace\python-tool-testing-pymcdc\scripts\verify_100_percent.py,
Execution Time,0.00394,D:\Research in Missing Metrics\Python\MC-DC Coverage\workspace\python-tool-testing-pymcdc\scripts\verify_100_percent.py,
Decision Nodes,1.0,D:\Research in Missing Metrics\Python\MC-DC Coverage\workspace\python-tool-testing-pymcdc\scripts\verify_100_percent.py,verify
Condition Nodes,2.0,D:\Research in Missing Metrics\Python\MC-DC Coverage\workspace\python-tool-testing-pymcdc\scripts\verify_100_percent.py,verify
Covered Decisions,0.0,D:\Research in Missing Metrics\Python\MC-DC Coverage\workspace\python-tool-testing-pymcdc\scripts\verify_100_percent.py,verify
Covered Conditions,0.0,D:\Research in Missing Metrics\Python\MC-DC Coverage\workspace\python-tool-testing-pymcdc\scripts\verify_100_percent.py,verify
Decision Coverage,0.0,D:\Research in Missing Metrics\Python\MC-DC Coverage\workspace\python-tool-testing-pymcdc\scripts\verify_100_percent.py,verify
Condition Coverage,0.0,D:\Research in Missing Metrics\Python\MC-DC Coverage\workspace\python-tool-testing-pymcdc\scripts\verify_100_percent.py,verify
Independent Condition Evaluation,2.0,D:\Research in Missing Metrics\Python\MC-DC Coverage\workspace\python-tool-testing-pymcdc\scripts\verify_100_percent.py,verify
Decision Nodes,1.0,D:\Research in Missing Metrics\Python\MC-DC Coverage\workspace\python-tool-testing-pymcdc\scripts\verify_100_percent.py,verify
Condition Nodes,2.0,D:\Research in Missing Metrics\Python\MC-DC Coverage\workspace\python-tool-testing-pymcdc\scripts\verify_100_percent.py,verify
Covered Decisions,0.0,D:\Research in Missing Metrics\Python\MC-DC Coverage\workspace\python-tool-testing-pymcdc\scripts\verify_100_percent.py,verify
Covered Conditions,0.0,D:\Research in Missing Metrics\Python\MC-DC Coverage\workspace\python-tool-testing-pymcdc\scripts\verify_100_percent.py,verify
Decision Coverage,0.0,D:\Research in Missing Metrics\Python\MC-DC Coverage\workspace\python-tool-testing-pymcdc\scripts\verify_100_percent.py,verify
Condition Coverage,0.0,D:\Research in Missing Metrics\Python\MC-DC Coverage\workspace\python-tool-testing-pymcdc\scripts\verify_100_percent.py,verify
Independent Condition Evaluation,2.0,D:\Research in Missing Metrics\Python\MC-DC Coverage\workspace\python-tool-testing-pymcdc\scripts\verify_100_percent.py,verify
Decision Nodes,1.0,D:\Research in Missing Metrics\Python\MC-DC Coverage\workspace\python-tool-testing-pymcdc\scripts\verify_100_percent.py,verify
Condition Nodes,5.0,D:\Research in Missing Metrics\Python\MC-DC Coverage\workspace\python-tool-testing-pymcdc\scripts\verify_100_percent.py,verify
Covered Decisions,0.0,D:\Research in Missing Metrics\Python\MC-DC Coverage\workspace\python-tool-testing-pymcdc\scripts\verify_100_percent.py,verify
Covered Conditions,0.0,D:\Research in Missing Metrics\Python\MC-DC Coverage\workspace\python-tool-testing-pymcdc\scripts\verify_100_percent.py,verify
Decision Coverage,0.0,D:\Research in Missing Metrics\Python\MC-DC Coverage\workspace\python-tool-testing-pymcdc\scripts\verify_100_percent.py,verify
Condition Coverage,0.0,D:\Research in Missing Metrics\Python\MC-DC Coverage\workspace\python-tool-testing-pymcdc\scripts\verify_100_percent.py,verify
Independent Condition Evaluation,5.0,D:\Research in Missing Metrics\Python\MC-DC Coverage\workspace\python-tool-testing-pymcdc\scripts\verify_100_percent.py,verify
Decision Count,4.0,D:\Research in Missing Metrics\Python\MC-DC Coverage\workspace\python-tool-testing-pymcdc\scripts\verify_pymcdc_json.py,
Condition Count,16.0,D:\Research in Missing Metrics\Python\MC-DC Coverage\workspace\python-tool-testing-pymcdc\scripts\verify_pymcdc_json.py,
Covered Requirements,0.0,D:\Research in Missing Metrics\Python\MC-DC Coverage\workspace\python-tool-testing-pymcdc\scripts\verify_pymcdc_json.py,
Total Requirements,13.0,D:\Research in Missing Metrics\Python\MC-DC Coverage\workspace\python-tool-testing-pymcdc\scripts\verify_pymcdc_json.py,
MC/DC Coverage,0.0,D:\Research in Missing Metrics\Python\MC-DC Coverage\workspace\python-tool-testing-pymcdc\scripts\verify_pymcdc_json.py,
Execution Time,0.00336,D:\Research in Missing Metrics\Python\MC-DC Coverage\workspace\python-tool-testing-pymcdc\scripts\verify_pymcdc_json.py,
Decision Nodes,1.0,D:\Research in Missing Metrics\Python\MC-DC Coverage\workspace\python-tool-testing-pymcdc\scripts\verify_pymcdc_json.py,verify
Condition Nodes,2.0,D:\Research in Missing Metrics\Python\MC-DC Coverage\workspace\python-tool-testing-pymcdc\scripts\verify_pymcdc_json.py,verify
Covered Decisions,0.0,D:\Research in Missing Metrics\Python\MC-DC Coverage\workspace\python-tool-testing-pymcdc\scripts\verify_pymcdc_json.py,verify
Covered Conditions,0.0,D:\Research in Missing Metrics\Python\MC-DC Coverage\workspace\python-tool-testing-pymcdc\scripts\verify_pymcdc_json.py,verify
Decision Coverage,0.0,D:\Research in Missing Metrics\Python\MC-DC Coverage\workspace\python-tool-testing-pymcdc\scripts\verify_pymcdc_json.py,verify
Condition Coverage,0.0,D:\Research in Missing Metrics\Python\MC-DC Coverage\workspace\python-tool-testing-pymcdc\scripts\verify_pymcdc_json.py,verify
Independent Condition Evaluation,2.0,D:\Research in Missing Metrics\Python\MC-DC Coverage\workspace\python-tool-testing-pymcdc\scripts\verify_pymcdc_json.py,verify
Decision Nodes,1.0,D:\Research in Missing Metrics\Python\MC-DC Coverage\workspace\python-tool-testing-pymcdc\scripts\verify_pymcdc_json.py,verify
Condition Nodes,3.0,D:\Research in Missing Metrics\Python\MC-DC Coverage\workspace\python-tool-testing-pymcdc\scripts\verify_pymcdc_json.py,verify
Covered Decisions,0.0,D:\Research in Missing Metrics\Python\MC-DC Coverage\workspace\python-tool-testing-pymcdc\scripts\verify_pymcdc_json.py,verify
Covered Conditions,0.0,D:\Research in Missing Metrics\Python\MC-DC Coverage\workspace\python-tool-testing-pymcdc\scripts\verify_pymcdc_json.py,verify
Decision Coverage,0.0,D:\Research in Missing Metrics\Python\MC-DC Coverage\workspace\python-tool-testing-pymcdc\scripts\verify_pymcdc_json.py,verify
Condition Coverage,0.0,D:\Research in Missing Metrics\Python\MC-DC Coverage\workspace\python-tool-testing-pymcdc\scripts\verify_pymcdc_json.py,verify
Independent Condition Evaluation,3.0,D:\Research in Missing Metrics\Python\MC-DC Coverage\workspace\python-tool-testing-pymcdc\scripts\verify_pymcdc_json.py,verify
Decision Nodes,1.0,D:\Research in Missing Metrics\Python\MC-DC Coverage\workspace\python-tool-testing-pymcdc\scripts\verify_pymcdc_json.py,verify
Condition Nodes,9.0,D:\Research in Missing Metrics\Python\MC-DC Coverage\workspace\python-tool-testing-pymcdc\scripts\verify_pymcdc_json.py,verify
Covered Decisions,0.0,D:\Research in Missing Metrics\Python\MC-DC Coverage\workspace\python-tool-testing-pymcdc\scripts\verify_pymcdc_json.py,verify
Covered Conditions,0.0,D:\Research in Missing Metrics\Python\MC-DC Coverage\workspace\python-tool-testing-pymcdc\scripts\verify_pymcdc_json.py,verify
Decision Coverage,0.0,D:\Research in Missing Metrics\Python\MC-DC Coverage\workspace\python-tool-testing-pymcdc\scripts\verify_pymcdc_json.py,verify
Condition Coverage,0.0,D:\Research in Missing Metrics\Python\MC-DC Coverage\workspace\python-tool-testing-pymcdc\scripts\verify_pymcdc_json.py,verify
Independent Condition Evaluation,9.0,D:\Research in Missing Metrics\Python\MC-DC Coverage\workspace\python-tool-testing-pymcdc\scripts\verify_pymcdc_json.py,verify
Decision Nodes,1.0,D:\Research in Missing Metrics\Python\MC-DC Coverage\workspace\python-tool-testing-pymcdc\scripts\verify_pymcdc_json.py,verify
Condition Nodes,2.0,D:\Research in Missing Metrics\Python\MC-DC Coverage\workspace\python-tool-testing-pymcdc\scripts\verify_pymcdc_json.py,verify
Covered Decisions,0.0,D:\Research in Missing Metrics\Python\MC-DC Coverage\workspace\python-tool-testing-pymcdc\scripts\verify_pymcdc_json.py,verify
Covered Conditions,0.0,D:\Research in Missing Metrics\Python\MC-DC Coverage\workspace\python-tool-testing-pymcdc\scripts\verify_pymcdc_json.py,verify
Decision Coverage,0.0,D:\Research in Missing Metrics\Python\MC-DC Coverage\workspace\python-tool-testing-pymcdc\scripts\verify_pymcdc_json.py,verify
Condition Coverage,0.0,D:\Research in Missing Metrics\Python\MC-DC Coverage\workspace\python-tool-testing-pymcdc\scripts\verify_pymcdc_json.py,verify
Independent Condition Evaluation,2.0,D:\Research in Missing Metrics\Python\MC-DC Coverage\workspace\python-tool-testing-pymcdc\scripts\verify_pymcdc_json.py,verify
Decision Count,0.0,D:\Research in Missing Metrics\Python\MC-DC Coverage\workspace\python-tool-testing-pymcdc\tests\__init__.py,
Condition Count,0.0,D:\Research in Missing Metrics\Python\MC-DC Coverage\workspace\python-tool-testing-pymcdc\tests\__init__.py,
Covered Requirements,0.0,D:\Research in Missing Metrics\Python\MC-DC Coverage\workspace\python-tool-testing-pymcdc\tests\__init__.py,
Total Requirements,0.0,D:\Research in Missing Metrics\Python\MC-DC Coverage\workspace\python-tool-testing-pymcdc\tests\__init__.py,
MC/DC Coverage,100.0,D:\Research in Missing Metrics\Python\MC-DC Coverage\workspace\python-tool-testing-pymcdc\tests\__init__.py,
Execution Time,0.00137,D:\Research in Missing Metrics\Python\MC-DC Coverage\workspace\python-tool-testing-pymcdc\tests\__init__.py,
Decision Count,0.0,D:\Research in Missing Metrics\Python\MC-DC Coverage\workspace\python-tool-testing-pymcdc\tests\test_integration_pipeline.py,
Condition Count,0.0,D:\Research in Missing Metrics\Python\MC-DC Coverage\workspace\python-tool-testing-pymcdc\tests\test_integration_pipeline.py,
Covered Requirements,0.0,D:\Research in Missing Metrics\Python\MC-DC Coverage\workspace\python-tool-testing-pymcdc\tests\test_integration_pipeline.py,
Total Requirements,0.0,D:\Research in Missing Metrics\Python\MC-DC Coverage\workspace\python-tool-testing-pymcdc\tests\test_integration_pipeline.py,
MC/DC Coverage,100.0,D:\Research in Missing Metrics\Python\MC-DC Coverage\workspace\python-tool-testing-pymcdc\tests\test_integration_pipeline.py,
Execution Time,0.00182,D:\Research in Missing Metrics\Python\MC-DC Coverage\workspace\python-tool-testing-pymcdc\tests\test_integration_pipeline.py,
Decision Count,0.0,D:\Research in Missing Metrics\Python\MC-DC Coverage\workspace\python-tool-testing-pymcdc\tests\test_metrics.py,
Condition Count,0.0,D:\Research in Missing Metrics\Python\MC-DC Coverage\workspace\python-tool-testing-pymcdc\tests\test_metrics.py,
Covered Requirements,0.0,D:\Research in Missing Metrics\Python\MC-DC Coverage\workspace\python-tool-testing-pymcdc\tests\test_metrics.py,
Total Requirements,0.0,D:\Research in Missing Metrics\Python\MC-DC Coverage\workspace\python-tool-testing-pymcdc\tests\test_metrics.py,
MC/DC Coverage,100.0,D:\Research in Missing Metrics\Python\MC-DC Coverage\workspace\python-tool-testing-pymcdc\tests\test_metrics.py,
Execution Time,0.0023,D:\Research in Missing Metrics\Python\MC-DC Coverage\workspace\python-tool-testing-pymcdc\tests\test_metrics.py,
Decision Count,0.0,D:\Research in Missing Metrics\Python\MC-DC Coverage\workspace\python-tool-testing-pymcdc\tests\test_platform_fixup.py,
Condition Count,0.0,D:\Research in Missing Metrics\Python\MC-DC Coverage\workspace\python-tool-testing-pymcdc\tests\test_platform_fixup.py,
Covered Requirements,0.0,D:\Research in Missing Metrics\Python\MC-DC Coverage\workspace\python-tool-testing-pymcdc\tests\test_platform_fixup.py,
Total Requirements,0.0,D:\Research in Missing Metrics\Python\MC-DC Coverage\workspace\python-tool-testing-pymcdc\tests\test_platform_fixup.py,
MC/DC Coverage,100.0,D:\Research in Missing Metrics\Python\MC-DC Coverage\workspace\python-tool-testing-pymcdc\tests\test_platform_fixup.py,
Execution Time,0.00249,D:\Research in Missing Metrics\Python\MC-DC Coverage\workspace\python-tool-testing-pymcdc\tests\test_platform_fixup.py,
Decision Count,0.0,D:\Research in Missing Metrics\Python\MC-DC Coverage\workspace\python-tool-testing-pymcdc\tests\test_trigger.py,
Condition Count,0.0,D:\Research in Missing Metrics\Python\MC-DC Coverage\workspace\python-tool-testing-pymcdc\tests\test_trigger.py,
Covered Requirements,0.0,D:\Research in Missing Metrics\Python\MC-DC Coverage\workspace\python-tool-testing-pymcdc\tests\test_trigger.py,
Total Requirements,0.0,D:\Research in Missing Metrics\Python\MC-DC Coverage\workspace\python-tool-testing-pymcdc\tests\test_trigger.py,
MC/DC Coverage,100.0,D:\Research in Missing Metrics\Python\MC-DC Coverage\workspace\python-tool-testing-pymcdc\tests\test_trigger.py,
Execution Time,0.00293,D:\Research in Missing Metrics\Python\MC-DC Coverage\workspace\python-tool-testing-pymcdc\tests\test_trigger.py,
Decision Count,2.0,D:\Research in Missing Metrics\Python\MC-DC Coverage\workspace\python-tool-testing-pymcdc\validate_metric_coverage.py,
Condition Count,4.0,D:\Research in Missing Metrics\Python\MC-DC Coverage\workspace\python-tool-testing-pymcdc\validate_metric_coverage.py,
Covered Requirements,0.0,D:\Research in Missing Metrics\Python\MC-DC Coverage\workspace\python-tool-testing-pymcdc\validate_metric_coverage.py,
Total Requirements,6.0,D:\Research in Missing Metrics\Python\MC-DC Coverage\workspace\python-tool-testing-pymcdc\validate_metric_coverage.py,
MC/DC Coverage,0.0,D:\Research in Missing Metrics\Python\MC-DC Coverage\workspace\python-tool-testing-pymcdc\validate_metric_coverage.py,
Execution Time,0.00354,D:\Research in Missing Metrics\Python\MC-DC Coverage\workspace\python-tool-testing-pymcdc\validate_metric_coverage.py,
Decision Nodes,1.0,D:\Research in Missing Metrics\Python\MC-DC Coverage\workspace\python-tool-testing-pymcdc\validate_metric_coverage.py,validate
Condition Nodes,2.0,D:\Research in Missing Metrics\Python\MC-DC Coverage\workspace\python-tool-testing-pymcdc\validate_metric_coverage.py,validate
Covered Decisions,0.0,D:\Research in Missing Metrics\Python\MC-DC Coverage\workspace\python-tool-testing-pymcdc\validate_metric_coverage.py,validate
Covered Conditions,0.0,D:\Research in Missing Metrics\Python\MC-DC Coverage\workspace\python-tool-testing-pymcdc\validate_metric_coverage.py,validate
Decision Coverage,0.0,D:\Research in Missing Metrics\Python\MC-DC Coverage\workspace\python-tool-testing-pymcdc\validate_metric_coverage.py,validate
Condition Coverage,0.0,D:\Research in Missing Metrics\Python\MC-DC Coverage\workspace\python-tool-testing-pymcdc\validate_metric_coverage.py,validate
Independent Condition Evaluation,2.0,D:\Research in Missing Metrics\Python\MC-DC Coverage\workspace\python-tool-testing-pymcdc\validate_metric_coverage.py,validate
Decision Nodes,1.0,D:\Research in Missing Metrics\Python\MC-DC Coverage\workspace\python-tool-testing-pymcdc\validate_metric_coverage.py,validate
Condition Nodes,2.0,D:\Research in Missing Metrics\Python\MC-DC Coverage\workspace\python-tool-testing-pymcdc\validate_metric_coverage.py,validate
Covered Decisions,0.0,D:\Research in Missing Metrics\Python\MC-DC Coverage\workspace\python-tool-testing-pymcdc\validate_metric_coverage.py,validate
Covered Conditions,0.0,D:\Research in Missing Metrics\Python\MC-DC Coverage\workspace\python-tool-testing-pymcdc\validate_metric_coverage.py,validate
Decision Coverage,0.0,D:\Research in Missing Metrics\Python\MC-DC Coverage\workspace\python-tool-testing-pymcdc\validate_metric_coverage.py,validate
Condition Coverage,0.0,D:\Research in Missing Metrics\Python\MC-DC Coverage\workspace\python-tool-testing-pymcdc\validate_metric_coverage.py,validate
Independent Condition Evaluation,2.0,D:\Research in Missing Metrics\Python\MC-DC Coverage\workspace\python-tool-testing-pymcdc\validate_metric_coverage.py,validate
